Workbook

Sheet calculations
C1: S&P 500 | D1: Bonds | E1: Gold | F1: Nasdaq | G1: World Stock Index
B2: Security | C2: SPY | D2: BND | E2: GLD | F2: QQQ | G2: VTI
B3: Annual Return | C3: =EXP((AVERAGE('close data'!H3:H2513)) *252) - 1 -> 0.14695243 | D3: =EXP((AVERAGE('close data'!I3:I2513)) *252) - 1 -> 0.019693185 | E3: =EXP((AVERAGE('close data'!J3:J2513)) *252) - 1 -> 0.12067601 | F3: =EXP((AVERAGE('close data'!K3:K2513)) *252) - 1 -> 0.19532958 | G3: =EXP((AVERAGE('close data'!L3:L2513)) *252) - 1 -> 0.14137051
B4: STD | C4: =SQRT(_xlfn.VAR.P('close data'!H3:H2513)*252) -> 0.18138591 | D4: =SQRT(_xlfn.VAR.P('close data'!I3:I2513)*252) -> 0.055223736 | E4: =SQRT(_xlfn.VAR.P('close data'!J3:J2513)*252) -> 0.14466441 | F4: =SQRT(_xlfn.VAR.P('close data'!K3:K2513)*252) -> 0.22408762 | G4: =SQRT(_xlfn.VAR.P('close data'!L3:L2513)*252) -> 0.18508813
B5: Min Weight | C5: 0.1 | D5: 0.1 | E5: 0.1 | F5: 0.1 | G5: 0.1
B6: Max Weight | C6: 0.5 | D6: 0.5 | E6: 0.5 | F6: 0.5 | G6: 0.5
B7: Default Weight | C7: 0.2 | D7: 0.2 | E7: 0.2 | F7: 0.2 | G7: 0.2 | H7: solver:
B8: Optimal Solver Weight: | C8: 0.1 | D8: =10% -> 0.1 | E8: =44.85% -> 0.4485 | F8: =25.15% -> 0.2515 | G8: =10% -> 0.1
B10: Portfolio Summary
B11: Expected Return | D11: =SUMPRODUCT(C3:G3, C7:G7) -> 0.12480434 | E11: =13.4% -> 0.134
B12: STD | D12: {=SQRT(MMULT(MMULT(C7:G7, C19:G23), TRANSPOSE(C7:G7)*252))} -> 0.12391178 | E12: =11.68% -> 0.1168
B13: Risk-Free Rate | D13: 0.0404 | E13: =4.04% -> 0.0404
B14: Total Weight | D14: =SUM(C7:G7) -> 1
B15: Sharpe Ratio | D15: =(D11-D13) / D12 -> 0.68116481 | E15: unusually high but rebound after covid and we've mostly been in a bear market for last decade
E16: check this; also use solver to maximize: 0.80
B17: Covariance Matrix
C18: SPY | D18: BND | E18: GLD | F18: QQQ | G18: VTI
B19: SPY | C19: =VARP('close data'!$H$3:$H$2513) -> 0.00013055893 | D19: {=TRANSPOSE(C20:C23)} -> 4.9281711e-06 | E19: 4.9512164e-06 | F19: 0.00015052516 | G19: 0.0001326988
B20: BND | C20: 4.9281711e-06 | D20: =VARP('close data'!$I$3:$I$2513) -> 1.210183e-05 | E20: {=TRANSPOSE(D21:D23)} -> 1.0986573e-05 | F20: 6.091942e-06 | G20: 5.2963082e-06
B21: GLD | C21: 4.9512164e-06 | D21: 1.0986573e-05 | E21: =VARP('close data'!$J$3:$J$2513) -> 8.3046791e-05 | F21: {=TRANSPOSE(E22:E23)} -> 7.5420554e-06 | G21: 5.3886138e-06
B22: QQQ | C22: 0.00015052516 | D22: 6.091942e-06 | E22: 7.5420554e-06 | F22: =VARP('close data'!$K$3:$K$2513) -> 0.00019926691 | G22: =0.000152746 -> 0.000152746
B23: VTI | C23: 0.0001326988 | D23: 5.2963082e-06 | E23: 5.3886138e-06 | F23: 0.00015274601 | G23: =VARP('close data'!$L$3:$L$2513) -> 0.00013594291

Sheet close data
B1: Adjusted Close Prices | H1: Log Normal Daily Returns
A2: Date | B2: SPY | C2: BND | D2: GLD | E2: QQQ | F2: VTI | H2: SPY | I2: BND | J2: GLD | K2: QQQ | L2: VTI
A3: 42257 | B3: 165.09651 | C3: 61.153416 | D3: 106.38 | E3: 97.355049 | F3: 85.570343 | H3: =LN(B4/B3) -> 0.0045337061 | I3: =LN(C4/C3) -> 0.0020897616 | J3: =LN(D4/D3) -> -0.002070139 | K3: =LN(E4/E3) -> 0.005509413 | L3: =LN(F4/F3) -> 0.0045262569
A4: 42258 | B4: 165.84671 | C4: 61.281345 | D4: 106.16 | E4: 97.892899 | F4: 85.958534 | H4: =LN(B5/B4) -> -0.0037172934 | I4: =LN(C5/C4) -> 0.00024535512 | J4: =LN(D5/D4) -> 0.00056500197 | K4: =LN(E5/E4) -> -0.0030360862 | L4: =LN(F5/F4) -> -0.0038364017
A5: 42261 | B5: 165.23135 | C5: 61.296383 | D5: 106.22 | E5: 97.596138 | F5: 85.629395 | H5: =LN(B6/B5) -> 0.012421925 | I5: =LN(C6/C5) -> -0.004182371 | J5: =LN(D6/D5) -> -0.0030171595 | K5: =LN(E6/E5) -> 0.011712841 | L5: =LN(F6/F5) -> 0.012536101
A6: 42262 | B6: 167.29665 | C6: 61.040554 | D6: 105.9 | E6: 98.745987 | F6: 86.70961 | H6: =LN(B7/B6) -> 0.0086291525 | I6: =LN(C7/C6) -> -0.00061601023 | J6: =LN(D7/D6) -> 0.013226552 | K6: =LN(E7/E6) -> 0.0056185782 | L6: =LN(F7/F6) -> 0.0084311671
A7: 42263 | B7: 168.74652 | C7: 61.002964 | D7: 107.31 | E7: 99.302361 | F7: 87.443764 | H7: =LN(B8/B7) -> -0.0022502977 | I7: =LN(C8/C7) -> 0.0056567748 | J7: =LN(D8/D7) -> 0.01019855 | K7: =LN(E8/E7) -> 0.00037324702 | L7: =LN(F8/F7) -> -0.0013517919
A8: 42264 | B8: 168.36722 | C8: 61.349022 | D8: 108.41 | E8: 99.339432 | F8: 87.325638 | H8: =LN(B9/B8) -> -0.016476774 | I8: =LN(C9/C8) -> 0.0028167738 | J8: =LN(D9/D8) -> 0.0073522564 | K8: =LN(E9/E8) -> -0.014324863 | L8: =LN(F9/F8) -> -0.015975335
A9: 42265 | B9: 165.6158 | C9: 61.522072 | D9: 109.21 | E9: 97.926552 | F9: 85.941666 | H9: =LN(B10/B9) -> 0.0051544696 | I9: =LN(C10/C9) -> -0.0036751674 | J9: =LN(D10/D9) -> -0.0062460046 | K9: =LN(E10/E9) -> 0.0031276831 | L9: =LN(F10/F9) -> 0.0040179118
A10: 42268 | B10: 166.47166 | C10: 61.296383 | D10: 108.53 | E10: 98.233315 | F10: 86.287666 | H10: =LN(B11/B10) -> -0.013065038 | I10: =LN(C11/C10) -> 0.0018404212 | J10: =LN(D11/D10) -> -0.0068417229 | K10: =LN(E11/E10) -> -0.015063999 | L10: =LN(F11/F10) -> -0.013489101
A11: 42269 | B11: 164.31085 | C11: 61.409298 | D11: 107.79 | E11: 96.764618 | F11: 85.131538 | H11: =LN(B12/B11) -> -0.0015995846 | I11: =LN(C12/C11) -> 0 | J11: =LN(D12/D11) -> 0.0039813052 | K11: =LN(E12/E11) -> 0.00076852102 | L11: =LN(F12/F11) -> -0.0019846069
A12: 42270 | B12: 164.04823 | C12: 61.409298 | D12: 108.22 | E12: 96.839012 | F12: 84.962753 | H12: =LN(B13/B12) -> -0.0036225674 | I12: =LN(C13/C12) -> 0.0003666846 | J12: =LN(D13/D12) -> 0.020758796 | K12: =LN(E13/E12) -> -0.0036546198 | L12: =LN(F13/F12) -> -0.0035819417
A13: 42271 | B13: 163.45503 | C13: 61.43182 | D13: 110.49 | E13: 96.485748 | F13: 84.658966 | H13: =LN(B14/B13) -> -0.00025927101 | I13: =LN(C14/C13) -> -0.0018392482 | J13: =LN(D14/D13) -> -0.0061734224 | K13: =LN(E14/E13) -> -0.0085139269 | L13: =LN(F14/F13) -> -0.0020260371
A14: 42272 | B14: 163.41266 | C14: 61.318935 | D14: 109.81 | E14: 95.667763 | F14: 84.487617 | H14: =LN(B15/B14) -> -0.025417385 | I14: =LN(C15/C14) -> 0.0025737035 | J14: =LN(D15/D14) -> -0.01273902 | K14: =LN(E15/E14) -> -0.028881594 | L14: =LN(F15/F14) -> -0.027170386
... A2513: 45904 | B2513: 649.12 | C2513: 73.919998 | D2513: 326.69 | E2513: 575.22998 | F2513: 320.14001 | H2513: =LN(B2514/B2513) -> -0.0029004385 | I2513: =LN(C2514/C2513) -> 0.0047236539 | J2513: =LN(D2514/D2513) -> 0.013257668 | K2513: =LN(E2514/E2513) -> 0.0014418908 | L2513: =LN(F2514/F2513) -> -0.001844728
A2514: 45905 | B2514: 647.23999 | C2514: 74.269997 | D2514: 331.04999 | E2514: 576.06 | F2514: 319.54999
